{"cameraMode":{"drawMode":0,"name":"Shaded","section":"Shading Mode"},"sceneLighting":true,"audioPlay":false,"sceneViewState":{"showFog":true,"showMaterialUpdate":false,"showSkybox":true,"showFlares":true,"showImageEffects":true,"showParticleSystems":true},"in2DMode":false,"pivot":{"x":-2.8141162395477297,"y":31.202878952026368,"z":-71.06495666503906},"rotation":{"x":-0.4493287205696106,"y":-0.32931265234947207,"z":0.18264822661876679,"w":-0.8101271986961365},"size":38.736793518066409,"orthographic":false}